"date,Time Engaged per Session,New users,Returning Users"
"2021-01-06,,5,0"
"2021-01-07,,7,2"
"2021-01-08,,4,1"
"2022-01-27,27.25,8,0"
"2022-01-28,91.48148148,23,1"
"2022-01-29,95.53846154,9,2"
"2022-01-30,33.5,6,2"
"2022-01-31,58.26315789,10,3"
"2022-02-01,43.96774194,22,2"
"2022-02-02,26.68,15,4"
"2022-02-03,59.0,16,1"
"2022-02-04,49.825,35,3"
"2022-02-05,68.71428571,12,1"
"2022-02-06,46.25,4,0"
"2022-02-07,56.33333333,19,2"
"2022-02-08,38.94117647,13,3"
"2022-02-09,51.4516129,26,1"
"2022-02-10,50.82352941,13,2"
"2022-02-11,75.0,8,3"
"2022-02-12,34.55555556,6,2"
"2022-02-13,15.75,6,1"
"2022-02-14,54.64705882,14,2"
"2022-02-15,36.77777778,12,4"
"2022-02-16,47.07692308,11,1"
"2022-02-17,32.375,9,5"
"2022-02-18,2.555555556,5,1"
"2022-02-19,39.0,8,0"
"2022-02-20,34.57142857,10,2"
"2022-02-21,15.91666667,5,3"
"2022-02-22,44.125,10,2"
"2022-02-23,27.5,9,3"
"2022-02-24,40.0,3,1"
"2022-05-28,68.5,4,0"
"2022-05-29,28.85714286,7,0"
"2022-05-30,35.92307692,11,1"
"2022-05-31,27.16666667,21,0"
"2022-06-01,33.35,32,1"
"2022-06-02,54.8,7,2"
"2022-06-03,18.4,12,2"
"2022-06-04,50.7,8,2"
"2022-06-05,21.4375,10,1"
"2022-06-06,41.72881356,51,2"
"2022-06-07,26.32352941,28,3"
"2022-06-08,35.52777778,29,3"
"2022-06-09,54.15625,26,2"
"2022-06-10,49.89285714,22,3"
"2022-06-11,46.92307692,8,4"
"2022-06-12,42.35714286,9,4"
"2022-06-13,49.03448276,23,4"
"2022-06-14,53.2,30,5"
"2022-06-15,25.79069767,35,5"
"2022-06-16,16.43939394,52,8"
"2022-06-17,52.85714286,24,6"
"2022-06-18,21.07142857,11,2"
"2022-06-19,38.80769231,17,5"
"2022-06-20,40.78125,27,2"
"2022-06-21,36.0,22,1"
"2022-06-22,54.4,21,6"
"2022-06-23,13.66666667,16,3"
"2022-06-24,20.26923077,19,4"
"2022-06-25,18.90909091,4,3"
"2022-06-26,37.23529412,11,4"
"2022-06-27,37.17142857,18,7"
"2022-06-28,30.34285714,26,4"
"2022-06-29,24.35714286,50,2"
"2022-06-30,52.15384615,21,3"
"2022-07-01,76.82352941,12,3"
"2022-07-02,47.23529412,12,2"
"2022-07-03,8.793103448,22,5"
"2022-07-04,46.18421053,25,5"
"2022-07-05,25.64285714,15,3"
"2022-07-06,29.5,16,4"
"2022-07-07,25.38461538,15,5"
"2022-07-08,40.95454545,14,5"
"2022-07-09,31.47368421,18,1"
"2022-07-10,43.1,9,1"
"2022-07-11,31.08333333,9,3"
"2022-07-12,36.73684211,16,2"
"2022-07-13,38.81818182,20,2"
"2022-07-14,35.0,18,2"
"2022-07-15,31.58823529,14,3"
"2022-07-16,55.16666667,6,0"
"2022-07-17,37.52941176,13,2"
"2022-07-18,28.89473684,14,3"
"2022-07-19,61.22727273,15,3"
"2022-07-20,64.45,14,2"
"2022-07-21,50.90909091,17,4"
"2022-07-22,20.43939394,46,7"
"2022-07-23,51.12,21,2"
"2022-07-24,40.16666667,13,3"
"2022-07-25,19.23076923,22,4"
"2022-07-26,22.19565217,29,7"
"2022-07-27,22.98360656,51,4"
"2022-07-28,50.52083333,38,6"
"2022-07-29,24.60869565,17,4"
"2022-07-30,50.625,21,3"
"2022-07-31,28.80952381,17,3"
"2022-08-01,42.0,21,5"
"2022-08-02,45.95121951,28,9"
"2022-08-03,32.64102564,29,6"
"2022-08-04,41.96875,25,3"
"2022-08-05,46.26086957,20,2"
"2022-08-06,41.3125,11,4"
"2022-08-07,42.875,20,2"
"2022-08-08,42.53333333,20,4"
"2022-08-09,28.33333333,18,5"
"2022-08-10,30.81081081,29,5"
"2022-08-11,29.84782609,37,6"
"2022-08-12,19.22222222,31,4"
"2022-08-13,51.97619048,34,4"
"2022-08-14,23.60869565,15,5"
"2022-08-15,24.67213115,49,5"
"2022-08-16,51.64444444,31,8"
"2022-08-17,66.30232558,36,2"
"2022-08-18,60.30612245,35,8"
"2022-08-19,43.41666667,22,1"
"2022-08-20,38.94444444,10,5"
"2022-08-21,45.03846154,16,4"
"2022-08-22,35.2962963,37,11"
"2022-08-23,56.08888889,31,8"
"2022-08-24,28.72727273,27,4"
"2022-08-25,55.22641509,45,0"
"2022-08-26,43.96666667,26,3"
"2022-08-27,34.66666667,14,1"
"2022-08-28,74.45454545,9,2"
"2022-08-29,37.27777778,15,2"
"2022-08-30,60.73333333,28,2"
"2022-08-31,100.1363636,18,1"
"2022-09-01,41.54545455,26,3"
"2022-09-02,50.75,27,5"
"2022-09-03,15.8,5,3"
"2022-09-04,41.36363636,7,3"
"2022-09-05,25.71111111,34,7"
"2022-09-06,38.96551724,23,2"
"2022-09-07,31.23076923,22,3"
"2022-09-08,21.65957447,29,7"
"2022-09-09,63.04166667,14,7"
"2022-09-10,21.54545455,6,2"
"2022-09-11,37.45,18,1"
"2022-09-12,102.6,22,6"
"2022-09-13,47.2173913,15,4"
"2022-09-14,42.28,19,4"
"2022-09-15,51.63636364,16,1"
"2022-09-16,59.0,10,6"
"2022-09-17,64.44444444,15,0"
"2022-09-18,18.03846154,16,3"
"2022-09-19,36.85294118,23,6"
"2022-09-27,67.94230769,42,4"
"2022-09-28,65.38596491,33,8"
"2022-09-30,70.33974359,124,7"
"2022-10-01,63.78723404,76,11"
"2022-10-02,47.02173913,24,13"
"2022-10-03,75.94495413,71,19"
"2022-10-04,113.95,79,15"
"2022-10-05,199.5131579,34,19"
"2022-10-06,97.34722222,38,18"
"2022-10-07,174.0,42,19"
"2022-10-08,102.4054054,22,11"
"2022-10-09,44.35802469,61,13"
"2022-10-10,40.74603175,46,10"
"2022-10-11,94.96511628,50,22"
"2022-10-12,92.75806452,40,12"
"2022-10-13,38.0,26,8"
"2022-10-14,162.0185185,30,13"
"2022-10-15,82.87301587,54,7"
"2022-10-16,51.81818182,27,4"
"2022-10-17,71.76315789,18,17"
"2022-10-18,28.41935484,19,9"
"2022-10-19,88.72222222,23,5"
"2022-10-20,54.82258065,33,16"
"2022-10-21,145.3157895,20,9"
"2022-10-22,51.71875,26,5"
"2022-10-23,269.9230769,16,7"
"2022-10-24,141.6486486,48,12"
"2022-10-25,30.79032258,28,9"
"2022-10-26,48.09433962,36,11"
"2022-10-27,46.75,91,20"
"2022-10-28,37.22580645,38,14"
"2022-10-29,31.09090909,12,9"
"2022-10-30,84.02564103,15,13"
"2022-10-31,62.54166667,44,13"
"2022-11-01,126.1612903,22,19"
"2022-11-02,84.91666667,47,16"
"2022-11-03,97.40298507,148,21"
"2022-11-04,68.22988506,57,17"
"2022-11-05,46.02631579,33,3"
"2022-11-06,49.12,36,7"
"2022-11-07,53.84810127,54,16"
"2022-11-08,61.87179487,56,14"
"2022-11-09,52.42647059,45,11"
"2022-11-10,16.33939394,128,13"
"2022-11-11,43.79054054,64,62"
"2022-11-12,30.74074074,22,22"
"2022-11-13,23.17948718,16,13"
"2022-11-14,61.52542373,30,16"
"2022-11-15,56.25438596,83,23"
"2022-11-16,86.94252874,50,23"
"2022-11-17,28.60240964,60,13"
"2022-11-18,61.74509804,41,6"
"2022-11-19,19.6,21,3"
"2022-11-20,47.92857143,34,16"
"2022-11-21,106.6268657,41,12"
"2022-11-22,76.64102564,28,7"
"2022-11-23,111.4516129,42,12"
"2022-11-24,32.66666667,30,14"
"2022-11-25,23.31428571,25,5"
"2022-11-26,64.8,8,6"
"2022-11-27,15.5,23,5"
"2022-11-28,92.01923077,35,6"
"2022-11-29,111.5,30,11"
"2022-11-30,64.54545455,25,11"
"2022-12-01,21.8125,17,8"
"2022-12-02,171.3571429,19,7"
"2022-12-03,50.3,13,6"
"2022-12-04,53.76923077,28,6"
"2022-12-05,66.5862069,18,5"
"2022-12-06,233.1587302,36,12"
"2022-12-07,46.41509434,29,9"
"2022-12-08,89.28205128,20,9"
"2022-12-09,111.5,25,8"
"2022-12-10,46.42857143,15,3"
"2022-12-11,85.4,32,7"
"2022-12-12,39.94444444,23,9"
"2022-12-13,68.59183673,25,14"
"2022-12-14,65.04,132,7"
"2022-12-15,45.51724138,39,10"
"2022-12-16,76.48648649,23,9"
"2022-12-17,44.04166667,19,4"
"2022-12-18,99.22222222,13,3"
"2022-12-19,91.06451613,18,6"
"2022-12-20,39.94736842,25,8"
"2022-12-21,43.03703704,17,8"
"2022-12-22,48.40625,19,7"
"2022-12-23,24.0,5,3"
"2022-12-24,134.1818182,8,3"
"2022-12-25,13.0,5,7"
"2022-12-26,79.33333333,10,0"
"2022-12-27,43.0,12,0"
"2022-12-28,187.6153846,10,1"
"2022-12-29,85.83333333,11,4"
"2022-12-30,72.88888889,8,1"
"2022-12-31,9.5,5,2"
"2023-01-01,66.57142857,5,1"
"2023-01-02,111.5384615,10,2"
"2023-01-03,45.46666667,19,7"
"2023-01-04,153.2692308,16,7"
"2023-01-05,207.3023256,23,8"
"2023-01-06,47.23333333,19,7"
"2023-01-07,6.555555556,9,0"
"2023-01-08,209.7666667,18,5"
"2023-01-09,160.9705882,19,8"
"2023-01-10,59.54545455,20,9"
"2023-01-11,122.2162162,21,10"
"2023-01-12,61.27272727,12,8"
"2023-01-13,44.9,25,1"
"2023-01-14,18.78947368,11,3"
"2023-01-15,32.90243902,28,9"
"2023-01-16,41.2972973,25,7"
"2023-01-17,35.65306122,26,13"
"2023-01-18,92.47058824,27,13"
"2023-01-19,42.02272727,36,3"
"2023-01-20,97.65517241,25,2"
"2023-01-21,76.47058824,14,1"
"2023-01-22,53.875,14,2"
"2023-01-23,62.89189189,20,10"
"2023-01-24,70.45833333,35,7"
"2023-01-25,71.9375,25,5"
"2023-01-26,66.53846154,29,6"
"2023-01-27,41.64102564,22,4"
"2023-01-28,130.0,11,4"
"2023-01-29,50.97222222,29,5"
"2023-01-30,43.69444444,29,5"
"2023-01-31,66.32876712,46,17"
"2023-02-01,157.4918033,27,20"
"2023-02-02,66.9245283,20,21"
"2023-02-03,75.825,18,8"
"2023-02-04,40.38297872,34,7"
"2023-02-05,42.0,11,2"
"2023-02-06,26.83333333,39,12"
"2023-02-07,43.05405405,19,13"
"2023-02-08,69.23333333,40,9"
"2023-02-09,43.43589744,22,8"
"2023-02-10,28.40540541,22,10"
"2023-02-11,27.46153846,11,1"
"2023-02-12,74.42857143,18,1"
"2023-02-13,90.58823529,34,12"
"2023-02-14,54.74285714,25,9"
"2023-02-15,104.96,17,7"
"2023-02-16,75.8627451,30,12"
"2023-02-17,54.97058824,27,4"
"2023-02-18,73.94444444,17,7"
"2023-02-19,76.74358974,21,12"
"2023-02-20,84.52727273,30,9"
"2023-02-21,74.71428571,20,8"
"2023-02-22,50.25,30,6"
"2023-02-23,33.54545455,29,11"
"2023-02-24,34.57798165,90,10"
"2023-02-25,62.8,23,3"
"2023-02-26,42.24,21,4"
"2023-02-27,57.3125,27,10"
"2023-02-28,80.69230769,29,6"
"2023-03-01,46.18421053,20,9"
"2023-03-02,24.56097561,28,6"
"2023-03-03,94.48,19,5"
"2023-03-04,41.73913043,13,4"
"2023-03-05,47.6,11,6"
"2023-03-06,30.90909091,17,10"
"2023-03-07,48.97222222,26,7"
"2023-03-08,49.53658537,23,8"
"2023-03-09,44.27868852,36,16"
"2023-03-10,27.23333333,16,7"
"2023-03-11,20.0,12,4"
"2023-03-12,55.81818182,16,4"
"2023-03-13,36.9787234,27,12"
"2023-03-14,21.17241379,16,9"
"2023-03-15,53.01449275,46,9"
"2023-03-16,40.0952381,27,11"
"2023-03-17,99.6097561,30,7"
"2023-03-18,24.1875,14,2"
"2023-03-19,16.4,7,3"
"2023-03-20,73.97826087,29,8"
"2023-03-21,50.65168539,64,15"
"2023-03-22,54.74647887,54,7"
"2023-03-23,50.22413793,33,12"
"2023-03-24,35.92857143,38,12"
"2023-03-25,33.86111111,20,11"
"2023-03-26,36.72727273,32,7"
"2023-03-27,42.60606061,21,5"
"2023-03-28,74.546875,37,12"
"2023-03-29,165.5098039,24,12"
"2023-03-30,89.40350877,36,14"
"2023-03-31,134.0,15,6"
"2023-04-01,59.47619048,15,5"
"2023-04-02,43.20512821,28,5"
"2023-04-03,51.72972973,44,15"
"2023-04-04,83.83928571,26,16"
"2023-04-05,47.5862069,38,12"
"2023-04-06,57.97368421,26,11"
"2023-04-07,30.0,28,5"
"2023-04-08,36.9,15,4"
"2023-04-09,18.0952381,17,4"
"2023-04-10,54.2972973,23,8"
"2023-04-11,81.84782609,22,16"
"2023-04-12,51.3255814,30,7"
"2023-04-13,96.13513514,26,6"
"2023-04-14,70.09615385,27,12"
"2023-04-15,49.34782609,17,5"
"2023-04-16,38.53333333,19,7"
"2023-04-17,48.51724138,36,10"
"2023-04-18,51.87272727,33,11"
"2023-04-19,45.90322581,25,3"
"2023-04-20,26.22535211,43,14"
"2023-04-21,63.30985915,43,14"
"2023-04-22,28.46,38,7"
"2023-04-23,29.01492537,48,6"
"2023-04-24,66.06557377,35,16"
"2023-04-25,44.43636364,32,14"
"2023-04-26,98.90804598,50,16"
"2023-04-27,21.84558824,99,16"
"2023-04-28,42.80392157,27,21"
"2023-04-29,37.625,17,9"
"2023-04-30,33.92307692,14,10"
"2023-05-01,21.09615385,34,9"
"2023-05-02,47.13333333,27,13"
"2023-05-03,42.01587302,40,16"
"2023-05-04,65.24528302,25,13"
"2023-05-05,49.25,38,12"
"2023-05-06,70.65789474,21,9"
"2023-05-07,33.14705882,26,5"
"2023-05-08,52.41269841,39,13"
"2023-05-09,75.52238806,40,15"
"2023-05-10,46.98387097,45,10"
"2023-05-11,50.10769231,44,9"
"2023-05-12,40.27659574,30,11"
"2023-05-13,14.58490566,32,11"
"2023-05-14,35.07407407,18,6"
"2023-05-15,60.90566038,34,10"
"2023-05-16,41.51612903,40,12"
"2023-05-17,61.92307692,25,10"
"2023-05-18,59.84615385,28,5"
"2023-05-19,61.88888889,34,8"
"2023-05-20,23.88571429,25,3"
"2023-05-21,42.72413793,19,8"
"2023-05-22,77.68085106,36,7"
"2023-05-23,81.2027027,37,12"
"2023-05-24,78.86666667,112,10"
"2023-05-25,51.02061856,66,13"
"2023-05-26,54.39130435,35,5"
"2023-05-27,38.72413793,16,8"
"2023-05-28,29.0952381,17,4"
"2023-05-29,72.07692308,18,12"
"2023-05-30,82.85714286,32,10"
"2023-05-31,56.8,34,13"
"2023-06-01,68.64705882,36,19"
"2023-06-02,36.09677419,19,8"
"2023-06-03,16.28571429,14,6"
"2023-06-04,193.7142857,12,4"
"2023-06-05,38.3877551,33,9"
"2023-06-06,89.98113208,29,12"
"2023-06-07,52.57971014,49,10"
"2023-06-08,46.77777778,34,12"
"2023-06-09,39.58333333,22,12"
"2023-06-10,22.54545455,17,2"
"2023-06-11,31.52380952,13,3"
"2023-06-12,72.46153846,30,6"
"2023-06-13,81.74509804,32,13"
"2023-06-14,29.53846154,35,13"
"2023-06-15,33.4025974,56,12"
"2023-06-16,48.43548387,51,5"
"2023-06-17,108.2820513,99,4"
"2023-06-18,102.9787234,37,6"
"2023-06-19,67.73972603,55,13"
"2023-06-20,74.02816901,98,22"
"2023-06-21,80.44715447,94,16"
"2023-06-22,50.05194805,46,19"
"2023-06-23,66.375,33,11"
"2023-06-24,23.13636364,16,5"
"2023-06-25,105.6595745,31,13"
"2023-06-26,94.02457956,615,15"
"2023-06-27,92.20634921,85,70"
"2023-06-28,57.56284153,102,45"
"2023-06-29,58.21428571,52,29"
"2023-06-30,42.37804878,33,32"
"2023-07-01,20.36904762,33,30"
"2023-07-02,50.27710843,47,24"
"2023-07-03,67.4137931,55,23"
"2023-07-04,46.27906977,46,25"
"2023-07-05,69.2,44,20"
"2023-07-06,55.18181818,50,26"
"2023-07-07,44.21686747,43,19"
"2023-07-08,63.34782609,26,16"
"2023-07-09,51.38709677,18,10"
"2023-07-10,57.2804878,50,18"
"2023-07-11,65.40277778,48,16"
"2023-07-12,41.58823529,46,21"
"2023-07-13,46.89473684,46,22"
"2023-07-14,28.37931034,39,12"
"2023-07-15,74.54285714,26,3"
"2023-07-16,40.39285714,24,4"
"2023-07-17,75.46666667,30,10"
"2023-07-18,67.13953488,30,8"
"2023-07-19,66.42,29,11"
"2023-07-20,19.44,31,9"
"2023-07-21,58.88,40,5"
"2023-07-22,35.32258065,25,3"
"2023-07-23,67.33333333,17,6"
"2023-07-24,51.62962963,34,7"
"2023-07-25,48.01265823,54,10"
"2023-07-26,73.36904762,56,13"
"2023-07-27,47.79069767,48,17"
"2023-07-28,22.65,37,9"
"2023-07-29,79.36666667,22,6"
"2023-07-30,43.24137931,26,2"
"2023-07-31,41.7254902,37,5"
"2023-08-01,32.06153846,41,18"
"2023-08-02,80.85245902,38,12"
"2023-08-03,50.80487805,30,8"
"2023-08-04,29.875,36,14"
"2023-08-05,111.1395349,31,8"
"2023-08-06,56.13157895,24,10"
"2023-08-07,87.36,31,10"
"2023-08-08,66.55714286,46,14"
"2023-08-09,39.15789474,38,10"
"2023-08-10,36.17307692,31,16"
"2023-08-11,52.10909091,30,16"
"2023-08-12,40.10526316,30,3"
"2023-08-13,35.26190476,36,4"
"2023-08-14,39.95774648,53,10"
"2023-08-15,58.15714286,44,15"
"2023-08-16,31.56164384,41,15"
"2023-08-17,73.41860465,28,8"
"2023-08-18,100.75,32,9"
"2023-08-19,37.0,24,5"
"2023-08-20,30.84375,24,5"
"2023-08-21,37.24675325,57,12"
"2023-08-22,39.26,56,18"
"2023-08-23,52.52325581,58,14"
"2023-08-24,32.18604651,56,11"
"2023-08-25,49.33707865,71,9"
"2023-08-26,91.92727273,43,8"
"2023-08-27,45.82608696,18,4"
"2023-08-28,72.13043478,32,7"
"2023-08-29,43.484375,46,13"
"2023-08-30,35.56578947,58,9"
"2023-08-31,56.72727273,55,13"
"2023-09-01,60.16176471,45,17"
"2023-09-02,108.6363636,26,4"
"2023-09-03,67.44262295,44,7"
"2023-09-04,88.72131148,89,17"
"2023-09-05,58.37387387,114,36"
"2023-09-06,96.65753425,43,23"
"2023-09-07,45.36231884,44,9"
"2023-09-08,79.94444444,49,14"
"2023-09-09,105.5714286,22,11"
"2023-09-10,52.46428571,31,13"
"2023-09-11,41.12790698,57,16"
"2023-09-12,29.84848485,48,13"
"2023-09-13,33.71153846,36,10"
"2023-09-14,29.77083333,28,9"
"2023-09-15,23.03174603,44,14"
"2023-09-16,20.91304348,38,5"
"2023-09-17,49.97222222,31,5"
"2023-09-18,28.90666667,65,6"
"2023-09-19,67.08571429,48,15"
"2023-09-20,24.60294118,44,13"
"2023-09-21,35.92105263,56,13"
"2023-09-22,38.85,39,12"
"2023-09-23,55.25714286,23,10"
"2023-09-24,13.24193548,54,6"
"2023-09-25,29.58426966,61,12"
"2023-09-26,89.84931507,52,12"
"2023-09-27,59.98484848,52,12"
"2023-09-28,56.47142857,54,11"
"2023-09-29,36.33333333,54,7"
"2023-09-30,53.0,26,3"
"2023-10-01,52.64102564,32,5"
"2023-10-02,76.30487805,50,20"
"2023-10-03,94.109375,48,11"
"2023-10-04,81.49180328,40,10"
"2023-10-05,60.22058824,48,9"
"2023-10-06,59.19148936,39,4"
"2023-10-07,13.325,28,6"
"2023-10-08,22.41025641,34,3"
"2023-10-09,65.17708333,64,16"
"2023-10-10,62.85915493,48,15"
"2023-10-11,50.42857143,46,11"
"2023-10-12,70.56164384,54,12"
"2023-10-13,25.52380952,42,14"
"2023-10-14,21.5,26,6"
"2023-10-15,38.17241379,22,4"
"2023-10-16,83.46875,41,14"
"2023-10-17,49.953125,39,15"
"2023-10-18,70.65060241,55,18"
"2023-10-19,213.8554217,53,16"
"2023-10-20,46.65,44,11"
"2023-10-21,37.171875,51,8"
"2023-10-22,31.24137931,48,6"
"2023-10-23,44.76785714,85,15"
"2023-10-24,43.72839506,59,15"
"2023-10-25,56.54,76,13"
"2023-10-26,39.37777778,60,18"
"2023-10-27,30.15447154,105,13"
"2023-10-28,11.11897106,287,15"
"2023-10-29,18.5060241,72,6"
"2023-10-30,37.82222222,65,15"
"2023-10-31,29.13636364,50,21"
"2023-11-01,58.87323944,47,17"
"2023-11-02,101.3076923,55,10"
"2023-11-03,53.38604651,191,15"
"2023-11-04,44.50666667,98,35"
"2023-11-05,27.46969697,48,11"
"2023-11-06,55.21186441,78,21"
"2023-11-07,47.325,115,18"
"2023-11-08,42.82075472,69,19"
"2023-11-09,27.18571429,45,18"
"2023-11-10,26.84848485,51,10"
"2023-11-11,36.13114754,42,12"
"2023-11-12,35.2173913,30,10"
"2023-11-13,57.83333333,56,23"
"2023-11-14,41.48837209,55,20"
"2023-11-15,37.58196721,92,18"
"2023-11-16,56.41052632,78,10"
"2023-11-17,57.175,58,14"
"2023-11-18,34.68807339,79,14"
"2023-11-19,57.9,60,19"
"2023-11-20,53.07216495,62,19"
"2023-11-21,62.91803279,81,23"
"2023-11-22,43.39726027,46,18"
"2023-11-23,91.59210526,50,13"
"2023-11-24,45.0,49,13"
"2023-11-25,42.65714286,28,4"
"2023-11-26,30.125,26,6"
"2023-11-27,42.50819672,36,10"
"2023-11-28,45.83823529,43,16"
"2023-11-29,28.84375,43,9"
"2023-11-30,53.51388889,54,9"
"2023-12-01,76.57142857,35,14"
"2023-12-02,46.3125,24,7"
"2023-12-03,38.37777778,30,7"
"2023-12-04,52.63636364,46,8"
"2023-12-05,50.20967742,43,12"
"2023-12-06,48.3880597,47,12"
"2023-12-07,52.13636364,29,10"
"2023-12-08,17.98360656,46,8"
"2023-12-09,43.11111111,27,7"
"2023-12-10,71.95238095,19,1"
"2023-12-11,31.84375,43,14"
"2023-12-12,40.74074074,37,6"
"2023-12-13,90.07575758,46,10"
"2023-12-14,73.94444444,41,8"
"2023-12-15,39.53488372,31,8"
"2023-12-16,32.45833333,18,2"
"2023-12-17,21.95454545,15,6"
"2023-12-18,49.546875,42,15"
"2023-12-19,32.02702703,25,6"
"2023-12-20,39.04347826,39,5"
"2023-12-21,65.71153846,35,10"
"2023-12-22,21.53846154,26,9"
"2023-12-23,17.21052632,14,4"
"2023-12-24,30.56666667,19,9"
"2023-12-25,9.076923077,9,3"
"2023-12-26,105.4210526,17,2"
"2023-12-27,51.29032258,25,4"
"2023-12-28,54.33333333,24,8"
"2023-12-29,27.66666667,25,7"
"2023-12-30,171.84,21,1"
"2023-12-31,15.4,17,2"
"2024-01-01,47.86956522,23,0"
"2024-01-02,77.05769231,37,8"
"2024-01-03,73.22916667,38,6"
"2024-01-04,63.11940299,54,6"
"2024-01-05,79.71111111,29,7"
"2024-01-06,65.89285714,22,4"
"2024-01-07,75.84,18,6"
"2024-01-08,37.61445783,61,9"
"2024-01-09,39.8,40,7"
"2024-01-10,91.70512821,58,9"
"2024-01-11,33.7,48,13"
"2024-01-12,38.78823529,73,3"
"2024-01-13,42.09090909,21,4"
"2024-01-14,154.5757576,26,6"
"2024-01-15,53.29069767,71,9"
"2024-01-16,57.06382979,61,16"
"2024-01-17,102.6436782,45,17"
"2024-01-18,54.88888889,58,15"
"2024-01-19,44.56140351,50,6"
"2024-01-20,20.56,23,2"
"2024-01-21,52.29166667,18,6"
"2024-01-22,166.4222222,32,6"
"2024-01-23,37.24285714,47,11"
"2024-01-24,55.8045977,57,18"
"2024-01-25,53.92638037,124,18"
"2024-01-26,32.37179487,54,14"
"2024-01-27,128.2894737,31,5"
"2024-01-28,46.83333333,32,3"
"2024-01-29,87.22413793,37,11"
"2024-01-30,46.07070707,58,16"
"2024-01-31,44.77906977,58,15"
"2024-02-01,97.79069767,57,12"
"2024-02-02,83.54761905,55,14"
"2024-02-03,87.03333333,21,5"
"2024-02-04,40.65957447,37,5"
"2024-02-05,50.59770115,59,20"
"2024-02-06,71.60526316,70,29"
"2024-02-07,50.33898305,72,25"
"2024-02-08,34.93577982,147,27"
"2024-02-09,40.08571429,65,27"
"2024-02-10,69.05660377,38,12"
"2024-02-11,39.31111111,39,5"
"2024-02-12,39.59405941,57,23"
"2024-02-13,65.4952381,73,18"
"2024-02-14,62.49090909,72,22"
"2024-02-15,67.81707317,56,14"
"2024-02-16,37.78666667,53,13"
"2024-02-17,81.51851852,37,9"
"2024-02-18,43.25,34,9"
"2024-02-19,45.80487805,53,17"
"2024-02-20,55.12605042,78,19"
"2024-02-21,59.93406593,51,23"
"2024-02-22,60.98989899,56,26"
"2024-02-23,45.44444444,62,14"
"2024-02-24,104.3541667,36,7"
"2024-02-25,47.6031746,49,11"
"2024-02-26,49.66956522,89,14"
"2024-02-27,68.54867257,74,20"
"2024-02-28,43.5511811,88,17"
"2024-02-29,51.05555556,68,19"
"2024-03-01,49.34177215,63,11"
"2024-03-02,78.5,32,4"
"2024-03-03,75.21428571,32,7"
"2024-03-04,55.44578313,56,16"
"2024-03-05,47.18867925,76,16"
"2024-03-06,65.8125,76,15"
"2024-03-07,66.65714286,42,19"
"2024-03-08,39.14516129,50,8"
"2024-03-09,61.17948718,26,7"
"2024-03-10,118.925,33,4"
"2024-03-11,118.0851064,68,12"
"2024-03-12,104.1826923,59,21"
"2024-03-13,84.06722689,83,15"
"2024-03-14,46.75,74,13"
"2024-03-15,42.93442623,45,16"
"2024-03-16,37.17948718,28,9"
"2024-03-17,49.93150685,61,5"
"2024-03-18,43.15555556,106,17"
"2024-03-19,68.57627119,86,16"
"2024-03-20,94.7,72,18"
"2024-03-21,102.7592593,70,23"
"2024-03-22,79.23655914,63,16"
"2024-03-23,67.20338983,46,8"
"2024-03-24,27.26190476,28,8"
"2024-03-25,54.075,56,12"
"2024-03-26,64.04878049,62,13"
"2024-03-27,62.67836257,148,2"
"2024-03-28,67.8172043,70,14"
"2024-03-29,44.04166667,37,6"
"2024-03-30,120.3409091,35,6"
"2024-03-31,35.05714286,25,6"
"2024-04-01,30.15909091,32,6"
"2024-04-02,35.52252252,85,11"
"2024-04-03,78.90566038,87,10"
"2024-04-04,55.41843972,86,30"
"2024-04-05,40.20588235,50,9"
"2024-04-06,60.10638298,35,6"
"2024-04-07,39.62222222,33,9"
"2024-04-08,59.58461538,48,7"
"2024-04-09,88.51818182,78,15"
"2024-04-10,44.22222222,74,30"
"2024-04-11,58.45604396,142,23"
"2024-04-12,41.02666667,50,15"
"2024-04-13,32.47916667,44,1"
"2024-04-14,43.61538462,29,5"
"2024-04-15,69.18691589,79,14"
"2024-04-16,58.65306122,69,14"
"2024-04-17,54.01754386,77,21"
"2024-04-18,68.60740741,95,22"
"2024-04-19,89.68493151,54,14"
"2024-04-20,52.06451613,46,10"
"2024-04-21,54.61363636,37,5"
"2024-04-22,94.21782178,69,13"
"2024-04-23,56.26,73,15"
"2024-04-24,71.9266055,76,14"
"2024-04-25,38.59677419,90,21"
"2024-04-26,55.2804878,64,10"
"2024-04-27,26.83505155,37,57"
"2024-04-28,45.84955752,65,36"
"2024-04-29,39.26829268,82,24"
"2024-04-30,45.23626374,130,17"
"2024-05-01,70.44660194,65,19"
"2024-05-02,53.17808219,101,23"
"2024-05-03,53.0,69,12"
"2024-05-04,52.48780488,30,9"
"2024-05-05,35.58974359,31,8"
"2024-05-06,34.23188406,49,13"
"2024-05-07,49.31182796,65,15"
"2024-05-08,46.97169811,70,15"
"2024-05-09,51.17821782,70,17"
"2024-05-10,53.57142857,65,20"
"2024-05-11,48.54666667,56,13"
"2024-05-12,45.18518519,43,6"
"2024-05-13,50.91666667,95,14"
"2024-05-14,38.00675676,120,10"
"2024-05-15,74.7480315,80,18"
"2024-05-16,43.38983051,84,23"
"2024-05-17,77.4494382,62,18"
"2024-05-18,50.91304348,39,5"
"2024-05-19,58.02083333,40,7"
"2024-05-20,31.3047619,78,16"
"2024-05-21,53.4,75,17"
"2024-05-22,94.02307692,73,32"
"2024-05-23,44.14457831,123,24"
"2024-05-24,52.67307692,71,18"
"2024-05-25,65.24193548,52,9"
"2024-05-26,32.67164179,49,12"
"2024-05-27,55.54166667,53,10"
"2024-05-28,47.784,74,23"
"2024-05-29,49.89189189,84,15"
"2024-05-30,39.7979798,79,12"
"2024-05-31,41.35294118,74,34"
"2024-06-01,38.75555556,34,9"
"2024-06-02,41.75555556,34,9"
"2024-06-03,30.24324324,77,20"
"2024-06-04,44.74107143,86,15"
"2024-06-05,35.35761589,113,18"
"2024-06-06,44.10638298,70,12"
"2024-06-07,53.28888889,71,11"
"2024-06-08,27.57142857,48,6"
"2024-06-09,39.75806452,51,5"
"2024-06-10,44.5826087,90,14"
"2024-06-11,53.77777778,82,9"
"2024-06-12,46.21363636,164,21"
"2024-06-13,82.30857143,107,43"
"2024-06-14,66.17346939,61,24"
"2024-06-15,36.62790698,28,13"
"2024-06-16,48.31578947,42,14"
"2024-06-17,44.74725275,59,20"
"2024-06-18,39.57638889,110,18"
"2024-06-19,43.57758621,77,20"
"2024-06-20,106.1237113,62,21"
"2024-06-21,57.76767677,57,23"
"2024-06-22,38.2804878,55,16"
"2024-06-23,22.02898551,42,16"
"2024-06-24,34.86764706,97,22"
"2024-06-25,67.77678571,77,20"
"2024-06-26,89.93939394,61,24"
"2024-06-27,57.0625,90,14"
"2024-06-28,42.57471264,62,12"
"2024-06-29,17.52941176,35,11"
"2024-06-30,25.26530612,39,10"
"2024-07-01,31.51470588,47,16"
"2024-07-02,48.77108434,54,19"
"2024-07-03,34.15294118,62,12"
"2024-07-04,63.13235294,46,13"
"2024-07-05,34.74468085,38,6"
"2024-07-06,20.37837838,32,3"
"2024-07-07,39.47727273,30,5"
"2024-07-08,42.74626866,52,9"
"2024-07-09,46.8989899,75,13"
"2024-07-10,52.27272727,64,14"
"2024-07-11,73.87254902,75,16"
"2024-07-12,53.83950617,64,8"
"2024-07-13,44.73170732,34,4"
"2024-07-14,59.86111111,25,7"
"2024-07-15,52.8974359,45,21"
"2024-07-16,72.52439024,58,11"
"2024-07-17,45.39823009,72,17"
"2024-07-18,61.78378378,81,16"
"2024-07-19,39.75,54,13"
"2024-07-20,14.03225806,22,8"
"2024-07-21,27.65789474,32,3"
"2024-07-22,52.67,73,14"
"2024-07-23,36.52755906,86,17"
"2024-07-24,67.86666667,101,15"
"2024-07-25,60.49635036,90,28"
"2024-07-26,34.63414634,51,22"
"2024-07-27,74.57627119,49,7"
"2024-07-28,31.76086957,33,7"
"2024-07-29,69.32773109,75,25"
"2024-07-30,79.24793388,92,13"
"2024-07-31,59.52136752,66,30"
"2024-08-01,28.55294118,59,16"
"2024-08-02,53.11578947,77,11"
"2024-08-03,27.53488372,30,10"
"2024-08-04,37.54347826,40,5"
"2024-08-05,53.65168539,56,18"
"2024-08-06,104.0884956,67,18"
"2024-08-07,56.92086331,102,22"
"2024-08-08,43.77777778,78,13"
"2024-08-09,47.25454545,85,13"
"2024-08-10,45.28358209,54,10"
"2024-08-11,42.875,32,5"
"2024-08-12,87.06748466,130,12"
"2024-08-13,57.95,133,24"
"2024-08-14,61.69291339,90,25"
"2024-08-15,47.31147541,82,24"
"2024-08-16,51.45588235,89,28"
"2024-08-17,33.67741935,47,10"
"2024-08-18,43.96296296,42,8"
"2024-08-19,82.46666667,74,18"
"2024-08-20,56.40944882,91,16"
"2024-08-21,55.43442623,88,17"
"2024-08-22,46.42063492,84,26"
"2024-08-23,41.296,102,10"
"2024-08-24,71.0483871,49,10"
"2024-08-25,25.2,48,5"
"2024-08-26,85.53535354,68,23"
"2024-08-27,48.79861111,112,17"
"2024-08-28,46.28947368,74,22"
"2024-08-29,41.91240876,96,23"
"2024-08-30,45.17021277,58,24"
"2024-08-31,27.46428571,45,5"
"2024-09-01,49.11940299,54,7"
"2024-09-02,53.28571429,72,16"
"2024-09-03,51.40594059,61,23"
"2024-09-04,51.08695652,78,22"
"2024-09-05,47.85858586,168,13"
"2024-09-06,37.50299401,122,25"
"2024-09-07,31.34615385,76,14"
"2024-09-08,32.38823529,58,17"
"2024-09-09,47.61616162,77,16"
"2024-09-10,51.72307692,92,27"
"2024-09-11,25.10714286,80,14"
"2024-09-12,52.2375,112,26"
"2024-09-13,37.14049587,81,26"
"2024-09-14,27.54216867,66,12"
"2024-09-15,39.34615385,63,11"
"2024-09-16,27.24778761,86,17"
"2024-09-17,55.86013986,110,22"
"2024-09-18,43.36885246,87,22"
"2024-09-19,71.07142857,69,18"
"2024-09-20,35.14953271,74,19"
"2024-09-21,54.875,45,12"
"2024-09-22,38.42857143,50,16"
"2024-09-23,41.45217391,72,20"
"2024-09-24,39.53383459,103,16"
"2024-09-25,39.51351351,74,21"
"2024-09-26,40.95151515,121,28"
"2024-09-27,33.43298969,72,17"
"2024-09-28,35.03797468,53,17"
"2024-09-29,23.63235294,52,13"
"2024-09-30,86.34482759,71,27"
"2024-10-01,33.51492537,82,30"
"2024-10-02,58.17266187,93,23"
"2024-10-03,89.03478261,75,20"
"2024-10-04,35.20792079,73,17"
"2024-10-05,40.61538462,37,9"
"2024-10-06,42.12068966,46,9"
"2024-10-07,62.775,84,21"
"2024-10-08,42.74074074,121,21"
"2024-10-09,46.9,84,23"
"2024-10-10,73.31538462,92,21"
"2024-10-11,63.37349398,58,15"
"2024-10-12,36.65853659,34,6"
"2024-10-13,37.70175439,39,10"
"2024-10-14,43.60902256,96,22"
"2024-10-15,33.61788618,97,15"
"2024-10-16,96.7987013,115,25"
"2024-10-17,53.33846154,52,11"
"2024-10-18,69.25,91,21"
"2024-10-19,26.6122449,37,10"
"2024-10-20,25.9137931,42,14"
"2024-10-21,68.32450331,107,22"
"2024-10-22,45.30344828,103,21"
"2024-10-23,44.60606061,86,18"
"2024-10-24,65.97478992,80,26"
"2024-10-25,54.36111111,49,14"
"2024-10-26,34.84883721,65,8"
"2024-10-27,51.54285714,45,18"
"2024-10-28,46.70434783,87,10"
"2024-10-29,25.19526627,135,23"
"2024-10-30,52.25555556,142,16"
"2024-10-31,44.496,89,26"
"2024-11-01,36.47619048,103,14"
"2024-11-02,54.46590909,67,9"
"2024-11-03,35.36666667,73,12"
"2024-11-04,35.83211679,118,8"
"2024-11-05,45.69230769,149,29"
"2024-11-06,45.20422535,101,29"
"2024-11-07,61.5,99,24"
"2024-11-08,36.84027778,97,23"
"2024-11-09,25.36363636,104,37"
"2024-11-10,41.44444444,62,26"
"2024-11-11,47.55944056,94,32"
"2024-11-12,53.9109589,91,39"
"2024-11-13,63.02631579,102,30"
"2024-11-14,56.36666667,76,26"
"2024-11-15,43.10344828,65,17"
"2024-11-16,50.56521739,38,7"
"2024-11-17,25.87671233,55,10"
"2024-11-18,60.74444444,64,17"
"2024-11-19,52.36607143,82,20"
"2024-11-20,74.19827586,78,21"
"2024-11-21,35.78350515,67,14"
"2024-11-22,66.29113924,62,9"
"2024-11-23,28.58181818,38,12"
"2024-11-24,38.4375,38,6"
"2024-11-25,47.71929825,78,16"
"2024-11-26,60.46666667,49,20"
"2024-11-27,63.74038462,72,17"
"2024-11-28,60.79787234,64,19"
"2024-11-29,59.92,48,17"
"2024-11-30,43.16981132,92,9"
"2024-12-01,56.11594203,45,14"
"2024-12-02,62.04166667,73,25"
"2024-12-03,41.45038168,91,23"
"2024-12-04,46.23577236,79,24"
"2024-12-05,58.89690722,152,17"
"2024-12-06,36.3963964,76,20"
"2024-12-07,31.48529412,45,14"
"2024-12-08,32.47142857,52,10"
"2024-12-09,52.80612245,71,16"
"2024-12-10,39.68421053,82,16"
"2024-12-11,69.98305085,82,24"
"2024-12-12,48.95652174,76,25"
"2024-12-13,43.81538462,44,18"
"2024-12-14,42.36956522,35,11"
"2024-12-15,13.22857143,31,3"
"2024-12-16,63.05882353,55,16"
"2024-12-17,64.10204082,59,25"
"2024-12-18,44.61971831,97,22"
"2024-12-19,35.43010753,56,20"
"2024-12-20,36.2278481,52,15"
"2024-12-21,47.31578947,25,9"
"2024-12-22,18.89473684,28,9"
"2024-12-23,50.32307692,39,19"
"2024-12-24,32.58333333,33,11"
"2024-12-25,21.91304348,19,4"
"2024-12-26,20.92857143,18,4"
"2024-12-27,38.92105263,32,4"
"2024-12-28,30.93103448,41,13"
"2024-12-29,59.6557377,41,12"
"2024-12-30,59.59259259,43,11"
"2024-12-31,49.63265306,36,9"
"2025-01-01,52.33333333,38,10"
"2025-01-02,37.21126761,51,8"
"2025-01-03,59.04477612,46,13"
"2025-01-04,32.4516129,45,9"
"2025-01-05,91.82692308,35,10"
"2025-01-06,59.98275862,76,22"
"2025-01-07,62.29936306,77,44"
"2025-01-08,35.41847826,109,42"
"2025-01-09,36.65060241,199,30"
"2025-01-10,40.75409836,83,20"
"2025-01-11,28.91891892,59,12"
"2025-01-12,55.09259259,45,7"
"2025-01-13,33.43809524,73,19"
"2025-01-14,36.29007634,92,24"
"2025-01-15,33.7394958,88,19"
"2025-01-16,35.75,71,17"
"2025-01-17,52.7254902,70,17"
"2025-01-18,62.24137931,41,10"
"2025-01-19,27.5862069,40,12"
"2025-01-20,45.42342342,77,20"
"2025-01-21,39.73076923,88,27"
"2025-01-22,38.57364341,90,22"
"2025-01-23,44.64,85,22"
"2025-01-24,50.66666667,61,16"
"2025-01-25,66.56603774,32,13"
"2025-01-26,68.18309859,50,14"
"2025-01-27,41.16304348,64,17"
"2025-01-28,41.06666667,87,23"
"2025-01-29,33.52816901,92,24"
"2025-01-30,33.16296296,89,23"
"2025-01-31,59.06578947,54,18"
"2025-02-01,63.47727273,35,8"
"2025-02-02,65.125,37,10"
"2025-02-03,62.5035461,95,23"
"2025-02-04,57.88194444,98,26"
"2025-02-05,80.84684685,70,26"
"2025-02-06,122.2574257,74,17"
"2025-02-07,50.00787402,102,17"
"2025-02-08,39.2125,60,14"
"2025-02-09,43.27272727,58,15"
"2025-02-10,68.30215827,95,25"
"2025-02-11,36.52671756,79,29"
"2025-02-12,30.92537313,92,28"
"2025-02-13,40.10869565,63,18"
"2025-02-14,62.16666667,67,18"
"2025-02-15,34.21052632,37,15"
"2025-02-16,28.18181818,50,14"
"2025-02-17,48.98165138,64,26"
"2025-02-18,42.71328671,97,32"
"2025-02-19,28.5035461,103,28"
"2025-02-20,18.43859649,308,24"
"2025-02-21,16.46226415,296,14"
"2025-02-22,87.76666667,43,13"
"2025-02-23,57.74074074,35,12"
"2025-02-24,30.9266055,71,24"
"2025-02-25,50.86259542,85,21"
"2025-02-26,52.63571429,93,30"
"2025-02-27,63.0234375,87,27"
"2025-02-28,52.64035088,82,19"
"2025-03-01,23.03333333,44,11"
"2025-03-02,25.25490196,38,10"
"2025-03-03,31.5047619,78,19"
"2025-03-04,31.8976378,78,23"
"2025-03-05,47.62295082,91,19"
"2025-03-06,43.33043478,72,30"
"2025-03-07,60.25925926,63,11"
"2025-03-08,19.42592593,35,14"
"2025-03-09,45.90740741,42,6"
"2025-03-10,51.78518519,93,22"
"2025-03-11,57.20134228,103,28"
"2025-03-12,89.68918919,93,32"
"2025-03-13,33.90151515,94,26"
"2025-03-14,57.78947368,72,23"
"2025-03-15,32.87142857,54,8"
"2025-03-16,44.36,60,12"
"2025-03-17,55.40952381,81,15"
"2025-03-18,38.96747967,93,16"
"2025-03-19,68.21428571,90,21"
"2025-03-20,55.60344828,92,14"
"2025-03-21,62.9,59,20"
"2025-03-22,21.71428571,39,10"
"2025-03-23,31.80487805,63,14"
"2025-03-24,29.696,78,30"
"2025-03-25,45.25301205,131,21"
"2025-03-26,40.328125,149,23"
"2025-03-27,39.79816514,80,17"
"2025-03-28,31.10948905,111,14"
"2025-03-29,17.34939759,53,19"
"2025-03-30,32.74647887,55,11"
"2025-03-31,33.98181818,82,17"
"2025-04-01,39.41666667,88,24"
"2025-04-02,42.6637931,81,21"
"2025-04-03,43.35344828,83,20"
"2025-04-04,32.6744186,73,12"
"2025-04-05,16.08333333,39,6"
"2025-04-06,26.77586207,49,7"
"2025-04-07,38.12,80,9"
"2025-04-08,55.42424242,98,13"
"2025-04-09,33.12068966,91,16"
"2025-04-10,46.57575758,73,15"
"2025-04-11,37.0754717,79,18"
"2025-04-12,39.34939759,52,19"
"2025-04-13,66.09782609,62,21"
"2025-04-14,48.69918699,88,21"
"2025-04-15,39.848,87,24"
"2025-04-16,33.70121951,129,16"
"2025-04-17,40.89208633,86,30"
"2025-04-18,35.83823529,49,13"
"2025-04-19,21.41818182,46,6"
"2025-04-20,20.16326531,42,4"
"2025-04-21,37.89830508,43,11"
"2025-04-22,35.14893617,67,16"
"2025-04-23,45.40769231,95,23"
"2025-04-24,51.96402878,97,20"
"2025-04-25,61.01052632,66,18"
"2025-04-26,28.18604651,63,14"
"2025-04-27,29.18867925,37,12"
"2025-04-28,28.88617886,89,15"
"2025-04-29,27.976,92,17"
"2025-04-30,26.70338983,89,15"
"2025-05-01,31.048,93,23"
"2025-05-02,37.7008547,80,23"
"2025-05-03,24.53125,73,12"
"2025-05-04,40.83783784,50,13"
"2025-05-05,33.29487179,58,8"
"2025-05-06,57.25806452,89,26"
"2025-05-07,68.56896552,65,30"
"2025-05-08,24.03703704,73,25"
"2025-05-09,39.06382979,70,18"
"2025-05-10,31.47916667,40,5"
"2025-05-11,45.68627451,36,12"
"2025-05-12,60.43373494,59,17"
"2025-05-13,37.80733945,78,20"
"2025-05-14,51.79807692,75,17"
"2025-05-15,46.89473684,75,21"
"2025-05-16,36.13953488,61,15"
"2025-05-17,39.05084746,41,11"
"2025-05-18,23.58,37,11"
"2025-05-19,33.6147541,91,26"
"2025-05-20,36.1322314,93,18"
"2025-05-21,48.904,94,18"
"2025-05-22,46.80508475,83,25"
"2025-05-23,20.52439024,66,12"
"2025-05-24,30.75,39,8"
"2025-05-25,38.65671642,46,14"
"2025-05-26,38.92708333,70,15"
"2025-05-27,70.41964286,90,14"
"2025-05-28,34.71875,91,21"
"2025-05-29,60.19,77,15"
"2025-05-30,26.7628866,84,8"
"2025-05-31,40.5,36,10"
"2025-06-01,15.07575758,46,13"
"2025-06-02,39.33898305,85,17"
"2025-06-03,48.176,90,19"
"2025-06-04,33.53846154,91,19"
"2025-06-05,47.84892086,104,24"
"2025-06-06,28.4015748,104,16"
"2025-06-07,62.55844156,64,7"
"2025-06-08,36.28333333,48,10"
"2025-06-09,61.51449275,99,25"
"2025-06-10,38.6407767,74,20"
"2025-06-11,36.576,86,23"
"2025-06-12,31.19008264,87,22"
"2025-06-13,46.55434783,66,18"
"2025-06-14,47.1,41,7"
"2025-06-15,29.38596491,42,12"
"2025-06-16,40.78985507,81,31"
"2025-06-17,31.19565217,97,23"
"2025-06-18,32.36170213,69,15"
"2025-06-19,33.26724138,78,22"
"2025-06-20,55.52542373,83,20"
"2025-06-21,13.9391635,513,11"
"2025-06-22,36.37931034,42,13"
"2025-06-23,40.44036697,73,17"
"2025-06-24,44.16666667,84,19"
"2025-06-25,35.40186916,69,25"
"2025-06-26,57.16831683,72,16"
"2025-06-27,23.4,65,21"
"2025-06-28,20.62264151,36,11"
"2025-06-29,54.83050847,43,7"
"2025-06-30,57.67889908,73,20"
"2025-07-01,57.94488189,79,28"
"2025-07-02,40.52688172,63,22"
"2025-07-03,23.56043956,66,14"
"2025-07-04,40.48863636,55,22"
"2025-07-05,59.56097561,26,9"
"2025-07-06,19.23076923,31,12"
"2025-07-07,23.26666667,48,18"
"2025-07-08,25.45360825,60,19"
"2025-07-09,50.69,60,26"
"2025-07-10,83.63095238,56,18"
"2025-07-11,39.9122807,38,11"
"2025-07-12,22.64285714,30,11"
"2025-07-13,35.86956522,33,6"
"2025-07-14,32.36764706,47,16"
"2025-07-15,44.65346535,77,16"
"2025-07-16,43.21333333,58,10"
"2025-07-17,18.42168675,63,11"
"2025-07-18,46.4109589,51,13"
"2025-07-19,20.35714286,30,7"
"2025-07-20,42.59259259,39,11"
"2025-07-21,30.30337079,65,14"
"2025-07-22,56.31521739,70,15"
"2025-07-23,29.51162791,102,16"
"2025-07-24,61.01980198,76,15"
"2025-07-25,27.33333333,59,17"
"2025-07-26,50.40740741,38,11"
"2025-07-27,38.29577465,54,10"
"2025-07-28,32.63207547,67,18"
"2025-07-29,67.17647059,73,18"
"2025-07-30,23.37313433,41,22"
